line_density,shape_complexity,colorfulness,texture_roughness,brightness,contrast,symmetry,warmth_ratio,proportion_of_space,edge_density
0.16532040189594205,1,35.003547594259004,81.16204482746609,197.14606003816507,81.16204482746609,0.28592641327539964,0.8815309800488349,0.725225194416136,0.16532040189594205
